first,last,full
Martha,Villalta,Martha Stephanie Villalta
Manfred,Briese,Manfred Briese
Djamel,Abid,Djamel Abid
Steven,Chiu,Steven Chiu
Sia,Iravani,Sia Iravani
Rodrick,Saunders,Rodrick Saunders
Dipak,Pandit,Dipak Pandit
Isabella,Barrera,Isabella Barrera
Valerio,Ciriminna,Valerio Ciriminna
Lidia,Barillas,Lidia Bran Barillas
Srihita,Panati,Srihita Panati
Choncey,Nunn,Choncey Nunn
Bobbie,Rivera,Bobbie Rivera
Layla,Navarro,Leyla Navarro